Name,Code
BP,2.635E+11
Nectar,2.37284E+11
Club,2.63957E+11
Shell,1.23E+11
Coop,5.46784E+11
Argos,1.23457E+11
Waitrose,987654321051
Unknown,123456789098
