Name,Limit,Balance,Usage,Weight,username
Grocery,500,339.87,32%,32,user1
Pet,400,246.89000000000001,38%,23,user1
Fuel,400,286.58,28%,22,user1
Capitals,250,150.20999999999998,40%,18,user1
Health,200,85.19,57%,13,user1
Transport,300,162.82,46%,12,user1
Clothes,100,50.93,49%,8,user1
Utility,100,55.35,45%,8,user1
Garden,300,74.97,75%,8,user1
Visits,400,379.75,5%,4,user1
Grocery,600,588.47,2%,3,user2
Fuel,700,692.46,1%,1,user2
