Name,Limit,Balance,Usage,Weight
Grocery,500,339.87,32%,32
Pet,400,246.89000000000001,38%,23
Fuel,400,286.58,28%,22
Capitals,250,150.20999999999998,40%,18
Health,200,85.19,57%,13
Transport,300,162.82,46%,12
Clothes,100,50.93,49%,8
Utility,100,55.35,45%,8
Garden,300,74.97,75%,8
Visits,400,389.17,3%,3
